date,routine_emp,nonroutine_emp,total_emp,routine_share,log_total,log_routine,log_nonroutine
1983-01-01,55355820.0,41984180.0,97340000.0,0.5686852270392438,18.393720562369584,17.829292360642636,17.552803438624267
1983-02-01,55197100.0,42032900.0,97230000.0,0.5676961843052556,18.39258986378584,17.826420973635365,17.553963202935545
1983-03-01,55820479.99999999,42244520.0,98065000.0,0.5692191913526742,18.40114108207775,17.837651385103914,17.558985199213136
1983-04-01,56195120.0,42725880.00000001,98921000.0,0.5680807917429059,18.409832109745526,17.844340478353526,17.570315383594075
1983-05-01,56811759.99999999,43075240.0,99887000.0,0.568760299138026,18.419550105020992,17.855253904514612,17.578458912040052
1983-06-01,58648380.0,43648620.0,102297000.0,0.5733147599636353,18.443390904978656,17.887070511198903,17.591682224629842
1983-07-01,59596259.99999999,44125740.0,103722000.0,0.5745768496558107,18.45722480113298,17.903103378388757,17.602553843615354
1983-08-01,59564140.0,44015860.0,103580000.0,0.5750544506661518,18.45585481896002,17.90256427310247,17.600060581479855
1983-09-01,58744860.0,43874140.0,102619000.0,0.5724559779378088,18.44653365874147,17.88871421779942,17.596835638418597
1983-10-01,59067920.0,43915080.0,102983000.0,0.5735696182865133,18.45007448402821,17.894198526203652,17.59776832703271
1983-11-01,59224760.0,44027240.0,103252000.0,0.5735943129430907,18.45268316007786,17.89685025565815,17.600319091233906
1983-12-01,58955479.99999999,44048520.00000001,103004000.0,0.5723610733563744,18.45027838039131,17.892293140762835,17.600802311598148
1984-01-01,57851619.99999999,43653380.0,101505000.0,0.5699386237131175,18.43561861631657,17.873392014669086,17.591791271387184
1984-02-01,58116560.0,44039439.99999999,102156000.0,0.5689001135518227,18.442011614654195,17.877961207027553,17.60059615402492
1984-03-01,58557820.0,44407180.0,102965000.0,0.5687157772058467,18.449899682621584,17.88552520014844,17.608911726040237
1984-04-01,59228060.0,44642940.0,103871000.0,0.5702078539727161,18.45866030257654,17.89690597404461,17.614206734083695
1984-05-01,60128680.0,45277320.0,105406000.0,0.570448361573345,18.473330118447517,17.911997490338404,17.628316802828415
1984-06-01,61480380.0,45631620.0,107112000.0,0.5739821868698185,18.489385573959353,17.934228657487395,17.63611145523195
1984-07-01,62145060.0,45584940.0,107730000.0,0.5768593706488443,18.495138654870374,17.94498188764523,17.63508795677783
1984-08-01,61728940.0,45211060.0,106940000.0,0.5772296614924256,18.48777848748486,17.938263422669106,17.626852305136165
1984-09-01,60868180.0,44992820.0,105861000.0,0.5749820991677767,18.477637470788192,17.924221100236668,17.622013479448697
1984-10-01,60983460.0,45402540.0,106386000.0,0.5732282443178613,18.48258454726718,17.926113237829462,17.631078608583156
1984-11-01,61056340.0,45458660.0,106515000.0,0.5732182321738722,18.48379637826644,17.927307602432872,17.632313899491407
1984-12-01,60704520.0,45576480.0,106281000.0,0.571170011573094,18.48159708791964,17.92152871783728,17.634902351945783
1985-01-01,59460960.0,45008040.0,104469000.0,0.5691732475662636,18.46440093464191,17.90083052071166,17.622351698442273
1985-02-01,59540040.0,45224960.0,104765000.0,0.5683199541831718,18.467230304605344,17.902159585368945,17.627159704778684
1985-03-01,60181799.99999999,45695200.00000001,105877000.0,0.5684124030714885,18.47778860095878,17.912880538988063,17.637503817525342
1985-04-01,60438460.0,45841540.0,106280000.0,0.5686719984945428,18.481587678855888,17.917136215229505,17.640701224919894
1985-05-01,61129920.0,45896080.0,107026000.0,0.5711688748528395,18.48858235356294,17.928511993317645,17.641890268333615
1985-06-01,61957040.0,46106960.0,108064000.0,0.573336541308854,18.49823420216743,17.941951799615172,17.646474472709954
1985-07-01,62577440.0,46393560.0,108971000.0,0.5742577382973452,18.506592349748622,17.951915387730047,17.65267121446038
1985-08-01,62380040.0,46279960.0,108660000.0,0.5740846677710288,18.50373429908765,17.94875591037489,17.650219595985142
1985-09-01,61510720.0,46425280.0,107936000.0,0.5698814112066409,18.497049016843516,17.934722026529798,17.653354696418027
1985-10-01,61920400.0,46660600.0,108581000.0,0.5702691999521095,18.503006996198394,17.9413602471732,17.658410683454736
1985-11-01,61812980.0,46683020.00000001,108496000.0,0.5697258885120189,18.502223863905762,17.93962393273667,17.658891059091147
1985-12-01,61600039.99999999,46536960.0,108137000.0,0.5696481315368467,18.498909499717158,17.936173077854185,17.65575739355026
1986-01-01,60825440.0,46216560.00000001,107042000.0,0.5682390089871265,18.488731838773525,17.92351868047535,17.64884873338558
1986-02-01,60646180.0,45996820.0,106643000.0,0.5686841142878576,18.484997365472037,17.92056720703438,17.644082821628967
1986-03-01,61202960.0,46489040.0,107692000.0,0.5683148237566393,18.494785858959148,17.929706112326027,17.654727143851495
1986-04-01,61544479.99999999,46721520.0,108266000.0,0.5684562097057247,18.500101719929262,17.935270723388555,17.659715430201594
1986-05-01,62355000.0,46809000.0,109164000.0,0.5712047927888315,18.5083618965922,17.948354419336983,17.66158605009143
1986-06-01,63739240.0,47311760.0,111051000.0,0.5739636743478221,18.52550011321689,17.97031094344341,17.672269448352704
1986-07-01,64255759.99999999,47644240.0,111900000.0,0.5742248436103663,18.533116173282153,17.978381927526748,17.679272299330663
1986-08-01,64202940.0,47435060.00000001,111638000.0,0.5750993389347713,18.53077205174602,17.97755956200418,17.67487217569711
1986-09-01,62871100.0,47513900.0,110385000.0,0.5695619875888934,18.519484813010948,17.95659715662737,17.67653285777555
1986-10-01,63297700.0,47755300.0,111053000.0,0.5699773981792478,18.525518122797987,17.963359551541163,17.68160061349595
1986-11-01,63177520.00000001,47720480.0,110898000.0,0.5696903460837888,18.52412141789287,17.961459099639654,17.68087121381901
1986-12-01,62953900.0,47693100.00000001,110647000.0,0.5689616528238453,18.521855511576838,17.957913270467255,17.68029729130711
1987-01-01,61960760.0,47047240.0,109008000.0,0.5684056216057537,18.506931831995587,17.942011839415766,17.6666627612761
1987-02-01,62141160.0,47288840.00000001,109430000.0,0.567862195010509,18.510795633394626,17.94491912927988,17.67178488482037
1987-03-01,62374820.0,47878180.0,110253000.0,0.5657426101784079,18.518288282805372,17.94867222626025,17.684170426235678
1987-04-01,63124060.0,48006940.0,111131000.0,0.5680148653391043,18.526220243591602,17.960612554359816,17.686856141754337
1987-05-01,63860200.0,48588800.0,112449000.0,0.5679036718868109,18.538010343488793,17.97220687709693,17.698903609637526
1987-06-01,64754500.0,48801500.0,113556000.0,0.5702428757617387,18.54780666527837,17.98611375419854,17.7032716080559
1987-07-01,65450920.0,49384080.0,114835000.0,0.5699561980232507,18.55900687343265,17.996811106753096,17.71513866301244
1987-08-01,65485500.0,49156500.0,114642000.0,0.5712173548961114,18.557324787249666,17.99733930205283,17.71051964403316
1987-09-01,64236159.99999999,48772840.00000001,113009000.0,0.5684163208240051,18.54297801952274,17.978076849975537,17.70268415851078
1987-10-01,64719780.0,49237220.0,113957000.0,0.5679315882306484,18.551331742221148,17.985577431450388,17.71216039952261
1987-11-01,64794320.0,49071680.0,113866000.0,0.569040099766392,18.550532876392502,17.98672850315965,17.708792644284586
1987-12-01,64491619.99999999,49269380.0,113761000.0,0.5669044751716317,18.549610314416576,17.982045850844724,17.712813350718623
1988-01-01,63240040.0,48877960.00000001,112118000.0,0.5640489484293334,18.53506244607108,17.962448202816415,17.704837137095808
1988-02-01,63421380.00000001,48916620.0,112338000.0,0.5645585643326391,18.537022741812343,17.965311586534995,17.705627774000508
1988-03-01,63643380.00000001,49157620.0,112801000.0,0.5642093598461008,18.541135762237165,17.968805871274295,17.710542428145963
1988-04-01,64112600.0,49795400.0,113908000.0,0.5628454542262177,18.55090166300095,17.976151470436683,17.723433168250647
1988-05-01,64471340.0,49760660.0,114232000.0,0.5643894880593879,18.55374202609227,17.981731341931976,17.72273526997283
1988-06-01,65957440.0,50314560.00000001,116272000.0,0.5672684739232146,18.571442831838553,18.00452024350164,17.733805056404247
1988-07-01,66431600.00000001,50658400.0,117090000.0,0.567355026048339,18.578453427824908,18.01168340485491,17.74061561893601
1988-08-01,66318519.99999999,50458480.0,116777000.0,0.5679073790215539,18.575776691159323,18.009979752498882,17.736661377853885
1988-09-01,65122080.0,50496920.0,115619000.0,0.5632472171528901,18.56581086055854,17.991774220180396,17.737422902286607
1988-10-01,65643859.999999985,50739140.0,116383000.0,0.5640330632480688,18.572397034485583,17.99975462806352,17.74220816283923
1988-11-01,65724459.99999999,50721540.0,116446000.0,0.5644200745409889,18.57293820419844,18.000981712494735,17.74186123040833
1988-12-01,65419360.0,50636640.0,116056000.0,0.5636878748190529,18.569583391200876,17.996328797085663,17.74018598288799
1989-01-01,64656460.0,50316540.0,114973000.0,0.5623621198020404,18.560207876153076,17.984598580850683,17.73384440805598
1989-02-01,64502200.0,50531800.0,115034000.0,0.5607229167028879,18.560738294804946,17.98220988971145,17.738113399036163
1989-03-01,65015340.0,50870660.0,115886000.0,0.5610284244861329,18.568117507226074,17.99013380001629,17.744796890962867
1989-04-01,65334159.99999999,51114840.0,116449000.0,0.561053851900832,18.572963966881197,17.995025581507857,17.749585423971737
1989-05-01,65697840.0,51459160.0,117157000.0,0.5607675170924485,18.57902547358709,18.00057660620206,17.756299041326695
1989-06-01,67115520.0,51786480.0,118902000.0,0.564460816470707,18.593810182377403,18.021925871769263,17.762639669301272
1989-07-01,67410360.0,52163640.0,119574000.0,0.5637543278639169,18.599445984543543,18.0263092732693,17.769896258423866
1989-08-01,67308980.0,51795020.00000001,119104000.0,0.5651277874798496,18.59550761898406,18.02480421810592,17.762804563611923
1989-09-01,66094060.0,51433940.0,117528000.0,0.5623686270505752,18.5821871610324,18.006589436941255,17.755808823799864
1989-10-01,66274800.0,51968200.0,118243000.0,0.5604966044501577,18.58825238696679,18.00932029240565,17.76614255101825
1989-11-01,66564800.0,51659200.00000001,118224000.0,0.5630396535390445,18.588091688010564,18.013686467261653,17.760178859642917
1989-12-01,66323840.0,51395160.0,117719000.0,0.5634081159371045,18.5838109865602,18.010059968200757,17.755054562567615
1990-01-01,65440899.99999999,51522100.0,116963000.0,0.5595008677957987,18.577368203431593,17.99665800322043,17.757521399799234
1990-02-01,65651100.00000001,51424900.0,117076000.0,0.5607562608903619,18.578333854530605,17.999864914094413,17.75563304892192
1990-03-01,66054500.0,51873500.0,117928000.0,0.5601256699002781,18.58558482670925,18.005990716816243,17.76431862043442
1990-04-01,66331800.0,51965200.0,118297000.0,0.5607225880622501,18.588708969370934,18.0101799781756,17.7660848217416
1990-05-01,66936380.00000001,52256620.0,119193000.0,0.5615797907595246,18.59625458603894,18.019253174006117,17.771677139348203
1990-06-01,67728320.0,52854680.0,120583000.0,0.561673867792309,18.607848870463922,18.03101496651316,17.783056818867074
1990-07-01,67966120.0,52870880.0,120837000.0,0.5624611666956313,18.609953087958086,18.034519903685815,17.783363272673075
1990-08-01,67514100.0,52489900.0,120004000.0,0.562598746708443,18.60303563352411,18.027847022917403,17.776131328101883
1990-09-01,66761880.00000001,52047119.99999999,118809000.0,0.5619261167083303,18.593027719599117,18.016642816936603,17.76766002008231
1990-10-01,66866980.00000001,52399020.00000001,119266000.0,0.5606541679942314,18.596866850640236,18.018215830755196,17.774398446826304
1990-11-01,66374259.99999999,52060740.0,118435000.0,0.5604277451766791,18.589874844838818,18.010819888688335,17.76792167179771
1990-12-01,66035660.0,51943340.00000001,117979000.0,0.5597238491595962,18.5860172004904,18.005705457109876,17.765664067098673
1991-01-01,64416500.0,51417500.0,115834000.0,0.5561104684289587,18.567668689680133,17.98088036943823,17.755489139405753
1991-02-01,64252619.99999999,51613380.0,115866000.0,0.5545424887369892,18.56794490893092,17.978333059118313,17.759291499164334
1991-03-01,64603860.0,51818140.0,116422000.0,0.554911099276769,18.572732078839138,17.983784719289712,17.76325083897663
1991-04-01,65348440.0,52299560.0,117648000.0,0.5554572963416292,18.58320767341814,17.995244126288217,17.77249851599785
1991-05-01,65355240.0,52120760.0,117476000.0,0.5563284415540195,18.58174461536638,17.995348178446594,17.769073891849064
1991-06-01,66509239.99999999,52751760.0,119261000.0,0.5576780338920518,18.596824926665168,18.01285144334221,17.781107694692764
1991-07-01,66753080.0,52949920.0,119703000.0,0.5576558649323743,18.60052423287078,18.016510996502205,17.784857119151248
1991-08-01,66310640.0,52378360.0,118689000.0,0.5586923809283084,18.592017184687563,18.009860924934728,17.774004086893505
1991-09-01,65806440.0,52326560.00000001,118133000.0,0.5570538291586602,18.58732166635268,18.002228263846785,17.773014639516514
1991-10-01,65814239.99999999,52481760.0,118296000.0,0.5563522012578616,18.58870051603546,18.00234678625541,17.775976238623134
1991-11-01,65620079.999999985,52402920.0,118023000.0,0.5559940011692635,18.586390078690666,17.99939230463699,17.77447287292952
1991-12-01,64858340.00000001,52524660.0,117383000.0,0.5525360571803414,18.58095265078456,17.98771606492974,17.776793331566342
1992-01-01,63885720.0,51931280.0,115817000.0,0.5516091765457576,18.567521917164317,17.972606420195284,17.765431864082107
1992-02-01,63836979.99999999,52078020.00000001,115915000.0,0.5507223396454298,18.568367721851132,17.971843204222463,17.768253536708688
1992-03-01,64672760.0,52302240.0,116975000.0,0.5528767685402863,18.577470794716554,17.98485065072455,17.772549757945896
1992-04-01,65207880.0,52742120.0,117950000.0,0.5528434082238236,18.58577136381796,17.99309087848974,17.78092493527531
1992-05-01,65707580.0,52815420.0,118523000.0,0.5543867435012614,18.590617592532887,18.00072484970705,17.782313751494062
1992-06-01,66693260.00000001,53354740.0,120048000.0,0.5555549446887912,18.60340222076765,18.015614456304746,17.792473379000594
1992-07-01,67226760.00000001,53645240.00000001,120872000.0,0.5561814150506322,18.610242692401815,18.023581940512827,17.79790329989888
1992-08-01,66680360.0,53294640.0,119975000.0,0.5557854553031881,18.602793945708584,18.01542101475251,17.791346321227508
1992-09-01,65929300.0,53017700.0,118947000.0,0.5542745928859072,18.594188573714234,18.004093513711716,17.786136378027564
1992-10-01,66072780.0,53049220.0,119122000.0,0.5546647974345629,18.595658735990888,18.00626741970631,17.786730719805902
1992-11-01,65935880.00000001,53190120.0,119126000.0,0.5534969695952185,18.595692314446953,18.004193312612465,17.789383222779126
1992-12-01,65838260.00000001,53166740.0,119005000.0,0.5532394437208521,18.594676066999845,18.002711686280346,17.788943570830458
1993-01-01,64168820.0,52845180.0,117014000.0,0.5483858341736886,18.577804143723228,17.97702798090249,17.782877064607693
1993-02-01,64506220.0,53080780.00000001,117587000.0,0.5485829215814674,18.58268904310065,17.98227221122506,17.787325462120616
1993-03-01,64984140.0,53405860.0,118390000.0,0.5488988934876257,18.58949481738782,17.98965379808707,17.793431035737385
1993-04-01,65581780.0,53255220.0,118837000.0,0.5518633085655141,18.593263364214465,17.998808471433897,17.790606385918377
1993-05-01,66389780.0,53957220.0,120347000.0,0.5516529701612837,18.605889794587277,18.01105368693778,17.803702068332466
1993-06-01,67310880.0,54378119.99999999,121689000.0,0.5531385745630254,18.616979167677115,18.0248324457389,17.811472425037337
1993-07-01,67822220.0,54658780.0,122481000.0,0.5537366611964305,18.623466473878675,18.0324004278329,17.81662041842001
1993-08-01,67764440.0,54264560.00000001,122029000.0,0.5553142285850085,18.619769279368224,18.031548131545087,17.809381901472243
1993-09-01,66669360.0,54016640.0,120686000.0,0.5524199990056842,18.6087026892824,18.015256035028145,17.804802705208807
1993-10-01,67120620.0,54430380.0,121551000.0,0.5522012982205,18.615844485759617,18.02200185726769,17.81243301183007
1993-11-01,67199140.0,54622860.0,121822000.0,0.5516174418413751,18.618071520903253,18.023171007792442,17.815963034411247
1993-12-01,67206820.0,54488180.0,121695000.0,0.5522562143062575,18.61702847247941,18.023285288439048,17.8134943553775
1994-01-01,65800140.0,54039860.0,119840000.0,0.5490665887850468,18.601668077733184,18.002132523952856,17.805232480379342
1994-02-01,66112320.00000001,54372680.0,120485000.0,0.5487182636842761,18.60703582181874,18.00686567172079,17.811372379796207
1994-03-01,66248100.00000001,54624900.0,120873000.0,0.5480802164255045,18.61025096558223,18.008917343174065,17.816000380714737
1994-04-01,66678079.999999985,54928920.0,121607000.0,0.548307909906502,18.616305091628966,18.015386821191154,17.821550543738294
1994-05-01,67469020.0,55477979.99999999,122947000.0,0.5487650776350785,18.62726392616612,18.027179087524058,17.83149674323112
1994-06-01,68278860.0,55575140.00000001,123854000.0,0.5512850614433122,18.63461401051173,18.039110759793314,17.83324653692967
1994-07-01,68871700.0,55922299.99999999,124794000.0,0.5518831033543279,18.64217493582079,18.047755911403833,17.839473785229988
1994-08-01,69034880.0,55637120.0,124672000.0,0.5537320328542095,18.64119684654429,18.050122442082163,17.834361162357062
1994-09-01,68251320.0,55695680.0,123947000.0,0.5506492291059889,18.635364612844782,18.038707332501655,17.835413143541412
1994-10-01,68812520.0,56206480.0,125019000.0,0.5504164966925027,18.643976283715745,18.046896263092,17.844542610708203
1994-11-01,68900640.0,56187360.0,125088000.0,0.550817344589409,18.64452804757482,18.04817602476513,17.844202378535613
1994-12-01,68756340.0,56094659.99999999,124851000.0,0.5507071629382224,18.642631584269513,18.046079508440936,17.842551178796562
1995-01-01,67292760.0,55351240.00000001,122644000.0,0.5486836698085515,18.62479640778199,18.02456321081911,17.829209619758675
1995-02-01,67400600.0,56071400.0,123472000.0,0.5458776078787093,18.63152496767952,18.026164477920062,17.842136436577153
1995-03-01,67721080.0,56233920.00000001,123955000.0,0.5463360090355371,18.635429154478192,18.030908063123306,17.845030691514474
1995-04-01,68050079.99999999,56319920.00000001,124370000.0,0.5471583179223284,18.638771551629922,18.03575446266723,17.846558849358505
1995-05-01,68053440.0,56717560.00000001,124771000.0,0.5454267417909611,18.64199061510222,18.03580383684948,17.85359442092715
1995-06-01,68886239.99999999,57007759.99999999,125894000.0,0.5471765135749121,18.65095084100842,18.047967006315005,17.858697956883447
1995-07-01,69421480.0,57401520.0,126823000.0,0.5473887228657263,18.658302971531203,18.05570688767512,17.86558134177542
1995-08-01,68892459.99999999,57069540.0,125962000.0,0.5469305028500657,18.651490832127568,18.04805729603329,17.859781082203554
1995-09-01,68489340.0,56837660.0,125327000.0,0.5464851149393187,18.646436879494384,18.042188670684382,17.855709692154328
1995-10-01,68793880.0,57285120.0,126079000.0,0.5456410663155641,18.652419252570308,18.046625345458605,17.863551462096883
1995-11-01,68699380.0,56954620.0,125654000.0,0.5467345249653811,18.649042655907973,18.045250732406586,17.85776536835991
1995-12-01,68445920.0,56652080.0,125098000.0,0.5471384034916625,18.64460798809911,18.041554502370754,17.852439261445625
1996-01-01,67066119.99999999,56080880.00000001,123147000.0,0.5446021421553102,18.628889321698168,18.02118955639509,17.842305492436253
1996-02-01,67626680.0,56539320.0,124166000.0,0.5446473269655139,18.63712993797385,18.02951313770589,17.850446883273772
1996-03-01,68065120.0,56998880.0,125064000.0,0.5442423079383356,18.6443361642393,18.0359754519478,17.85854217648297
1996-04-01,68346500.0,57239500.0,125586000.0,0.5442206933893905,18.64850134081754,18.04010091280043,17.86275477746413
1996-05-01,68796940.0,57766060.00000001,126563000.0,0.5435786130227633,18.656250765874614,18.046669825170266,17.87191196394296
1996-06-01,69726420.0,58236580.0,127963000.0,0.5448951650086353,18.667251717597274,18.060089856992928,17.880024237600995
1996-07-01,70455720.0,58393280.0,128849000.0,0.5468084346793534,18.674151734070172,18.070494985348034,17.88271137268442
1996-08-01,69962840.0,58216160.0,128179000.0,0.5458213903993634,18.668938282480823,18.063474801916236,17.879673537390605
1996-09-01,69488860.0,58153140.00000001,127642000.0,0.5444043496654706,18.664740028320814,18.056677009917777,17.878590433751402
1996-10-01,69882220.0,58671780.0,128554000.0,0.5436020660578434,18.671859607489232,18.062321811471936,17.88746941962709
1996-11-01,69558280.0,58650720.0,128209000.0,0.5425381993463797,18.669172302794856,18.05767552029013,17.887110409203242
1996-12-01,69476600.0,58419400.0,127896000.0,0.5432273096891224,18.666727991626864,18.05650056319452,17.883158584415803
1997-01-01,68400420.0,58007580.0,126408000.0,0.5411083159293716,18.655025328813473,18.040889522924804,17.876084249626718
1997-02-01,68660380.0,58273620.0,126934000.0,0.5409140183087273,18.65917782430042,18.04468288049642,17.88066006178202
1997-03-01,69423200.00000001,58847800.0,128271000.0,0.5412228796844183,18.66965577130084,18.05573166356139,17.890465007794223
1997-04-01,69854320.0,58914680.0,128769000.0,0.542477770270795,18.67353065943586,18.06192248856941,17.891600853560895
1997-05-01,70602480.0,59113520.00000001,129716000.0,0.5442850535014956,18.680858003281955,18.07257582932527,17.89497022101906
1997-06-01,71081220.0,59471780.0,130553000.0,0.5444625554372554,18.687289832546647,18.079333724862575,17.90101247229253
1997-07-01,71681760.0,59776240.00000001,131458000.0,0.5452825997657046,18.69419796693074,18.087746879900944,17.906118815551885
1997-08-01,71264700.0,59832300.0,131097000.0,0.5436028284400101,18.691448065176907,18.081911671622333,17.90705620688038
1997-09-01,70368800.0,59763200.00000001,130132000.0,0.5407493929241078,18.684059877880973,18.069260541076,17.905900644878646
1997-10-01,70940799.99999999,59916200.00000001,130857000.0,0.5421246093063419,18.689615681879438,18.07735628438177,17.908457477271718
1997-11-01,71067760.00000001,60080240.00000001,131148000.0,0.5418897733857932,18.69183701444681,18.079144346084895,17.911191560085943
1997-12-01,70876019.99999999,60033980.0,130910000.0,0.5414102818730424,18.690020622156283,18.076442711443026,17.910421293213506
1998-01-01,69874680.0,59384320.0,129259000.0,0.5405788378372106,18.677328701423747,18.06221390982261,17.89954077642188
1998-02-01,70127900.0,59765100.0,129893000.0,0.5398897554140716,18.682221592582987,18.06583127567576,17.90593243651293
1998-03-01,70457280.0,60223720.0,130681000.0,0.539154735577475,18.688269796948244,18.070517126669277,17.913576852607136
1998-04-01,70911360.0,60272640.0,131184000.0,0.5405488474204171,18.692111475818095,18.07694120433755,17.914388827386915
1998-05-01,71346239.99999999,60695760.0,132042000.0,0.5403298950333983,18.69863061175973,18.08305520253077,17.921384401860163
1998-06-01,71850019.99999999,60955980.0,132806000.0,0.5410148637862746,18.70439997470888,18.09009144884696,17.925662522286316
1998-07-01,72125079.99999999,61201920.0,133327000.0,0.5409637957802994,18.708315315275986,18.093912391977366,17.929689119539464
1998-08-01,71755120.0,61080880.00000001,132836000.0,0.5401782649281821,18.704625842607236,18.0887697689431,17.927709445545563
1998-09-01,71099459.99999999,61406540.0,132506000.0,0.5365754003592289,18.702138485384175,18.07959029980792,17.93302690210307
1998-10-01,71547120.0,61607880.00000001,133155000.0,0.5373220682663061,18.707024421152667,18.085866811584292,17.93630034240034
1998-11-01,71582140.0,61550860.0,133133000.0,0.5376739050423262,18.70685918651911,18.086356159474427,17.935374382877303
1998-12-01,71734620.0,61384380.00000001,133119000.0,0.5388758929979943,18.706754022989728,18.088484034225907,17.93266596335873
1999-01-01,70717780.0,60787220.0,131505000.0,0.5377573476293677,18.69455543167293,18.074207584398227,17.922890127473412
1999-02-01,70924640.0,61107360.0,132032000.0,0.5371776539020844,18.69855487541306,18.077128462862028,17.92814287515245
1999-03-01,71073620.0,61444380.00000001,132518000.0,0.5363318190736353,18.70222904322051,18.0792267992031,17.933642933325245
1999-04-01,70798220.0,61763780.00000001,132562000.0,0.5340762812872467,18.70256101847631,18.075344417104965,17.938827666471077
1999-05-01,71292160.0,62116840.0,133409000.0,0.5343879348469743,18.708930155436917,18.082296921414446,17.94452768566562
1999-06-01,71792680.0,62540320.0,134333000.0,0.5344381499705955,18.715832349850192,18.089293078960488,17.951322026706176
1999-07-01,72173100.0,62903900.0,135077000.0,0.5343108005063778,18.72135554417372,18.094577958262022,17.9571187229282
1999-08-01,71928900.0,62640100.0,134569000.0,0.5345131493880463,18.717587636613352,18.091188689080976,17.952916206069556
1999-09-01,71563920.0,62561080.0,134125000.0,0.5335613793103449,18.714282758915136,18.086101594310726,17.95165391747943
1999-10-01,72402940.0,62586060.00000001,134989000.0,0.5363617776263251,18.720703851601424,18.09775746426628,17.952053127566558
1999-11-01,72765420.0,62216580.0,134982000.0,0.5390749877761479,18.72065199417969,18.102751400318677,17.94613208167427
1999-12-01,72589740.0,62459260.0,135049000.0,0.537506682759591,18.721148233510544,18.100334147494035,17.95002506216657
2000-01-01,72432560.0,62479440.0,134912000.0,0.5368874525616698,18.72013327200306,18.09816648001743,17.95034810058742
2000-02-01,72710299.99999999,62779700.00000001,135490000.0,0.5366469850173443,18.724408394822614,18.10199361059765,17.955142330774756
2000-03-01,72887640.0,63166360.0,136054000.0,0.5357258147500257,18.72856242371686,18.10442963527901,17.961282438925593
2000-04-01,73308380.0,63617620.0,136926000.0,0.5353868512919387,18.734951191875602,18.110185485015354,17.968401033965897
2000-05-01,73266060.0,63418940.0,136685000.0,0.536021216666057,18.733189566339167,18.109608030976627,17.96527311296444
2000-06-01,74151220.0,63762780.0,137914000.0,0.5376627463491741,18.742140860453073,18.1216170795484,17.9706801924995
2000-07-01,74426360.0,63342640.0,137769000.0,0.5402257401882862,18.74108892752017,18.125320738128785,17.964069278029363
2000-08-01,74312220.0,62995780.0,137308000.0,0.5412082325865937,18.737737135610324,18.123785964536015,17.958578297985287
2000-09-01,73365120.0,63424880.00000001,136790000.0,0.5363339425396594,18.73395746106563,18.110959176279696,17.965366771449407
2000-10-01,73912819.99999999,63620180.0,137533000.0,0.5374188013058683,18.73937444627551,18.118396848545448,17.968441273580233
2000-11-01,73552920.0,63907080.0,137460000.0,0.535085988651244,18.73884352365773,18.113515705107414,17.97294071133217
2000-12-01,73892000.0,63954000.0,137846000.0,0.5360474732672693,18.741647677965563,18.118115125660665,17.97367463289933
2001-01-01,72538660.0,63641340.00000001,136180000.0,0.5326674988985167,18.729488098019093,18.09963021908155,17.96877381715185
2001-02-01,72610480.0,63966520.00000001,136577000.0,0.5316450061137673,18.73239911610735,18.100619821994268,17.973870379446325
2001-03-01,72884480.0,64269520.00000001,137154000.0,0.531406156583111,18.73661494007024,18.104386279937806,17.97859604882728
2001-04-01,72775920.0,64246080.0,137022000.0,0.5311258046153172,18.735652054841783,18.102895689219938,17.978231268205164
2001-05-01,72979519.99999999,64141480.0,137121000.0,0.5322271570364859,18.736374305669298,18.105689411806523,17.97660182648755
2001-06-01,73344040.00000001,64393960.0,137738000.0,0.5324895090679407,18.740863887865057,18.110671804991565,17.98053039785626
2001-07-01,73806519.99999999,64432479.99999999,138239000.0,0.5339051931799275,18.744494629197558,18.116957632551813,17.98112841176005
2001-08-01,73128780.0,63681220.0,136810000.0,0.5345280315766391,18.734103659896295,18.107732554487985,17.969400257608342
2001-09-01,72512480.0,64323520.0,136836000.0,0.529922535005408,18.734293686427495,18.099269242941904,17.97943590770571
2001-10-01,72464620.0,64419380.00000001,136884000.0,0.5293870722655679,18.734644409798037,18.098609000714152,17.980925077480745
2001-11-01,72102440.0,64267560.00000001,136370000.0,0.5287265527608711,18.730882337834018,18.093598443568823,17.978565551790936
2001-12-01,72206200.0,64063800.0,136270000.0,0.5298759815073016,18.730148769726004,18.095036472752394,17.975390019774036
2002-01-01,70737880.0,63438119.99999999,134176000.0,0.5272021822084426,18.714662928952627,18.074491772392335,17.965575500551637
2002-02-01,71329860.0,64113140.0,135443000.0,0.5266411700863094,18.72406144557338,18.082825591543756,17.976159893082556
2002-03-01,71208400.0,64349600.00000001,135558000.0,0.5252983962584281,18.724910150979653,18.08112134695149,17.979841275980874
2002-04-01,71332220.0,64571780.0,135904000.0,0.5248721156110195,18.727459312095135,18.08285867671958,17.983288031204257
2002-05-01,72003519.99999999,64555480.0,136559000.0,0.5272704105917587,18.73226731363513,18.092225564674195,17.983035567083412
2002-06-01,72505160.0,64676840.0,137182000.0,0.5285326063186132,18.73681906931392,18.09916828970606,17.98491373557369
2002-07-01,72805780.0,64689220.0,137495000.0,0.5295158369395251,18.739098110773362,18.103305905619646,17.985105130442452
2002-08-01,72559959.99999999,64734040.0,137294000.0,0.5285005899747985,18.737635169856162,18.099923812503086,17.98579774167465
2002-09-01,72434760.0,64942240.00000001,137377000.0,0.5272699214570125,18.7382395292718,18.098196852637013,17.989008817422594
2002-10-01,72455620.0,65096380.0,137552000.0,0.5267507560777015,18.739512585396362,18.09848479446095,17.99137949887385
2002-11-01,72320380.0,64362620.0,136683000.0,0.5291102770644484,18.733174934048627,18.09661652845917,17.980043587774492
2002-12-01,72128160.0,64469840.00000001,136598000.0,0.5280323284381909,18.732552863705347,18.09395509465774,17.981708075509253
2003-01-01,71127720.0,64778280.0,135906000.0,0.5233596750695334,18.72747402825716,18.0799876922103,17.986480919950207
2003-02-01,71316360.0,65117640.0,136434000.0,0.5227169180702758,18.731351539173982,18.082636312079636,17.991706038215604
2003-03-01,71329239.99999999,65453760.0,136783000.0,0.5214773765745743,18.733906286424844,18.082816899493967,17.996854497104003
2003-04-01,71959900.0,65465100.0,137425000.0,0.5236303438239039,18.738588871711,18.09161957738472,17.99702773417662
2003-05-01,71816739.99999999,65750260.00000001,137567000.0,0.522049183307043,18.73962162911937,18.089628154476078,18.001374183386954
2003-06-01,72592560.0,65875440.0,138468000.0,0.5242551347603779,18.746149809964805,18.100372995204815,18.003276244120382
2003-07-01,72957480.0,65545520.00000001,138503000.0,0.5267573987567057,18.746402544006898,18.105387363660164,17.99825542106339
2003-08-01,72988060.0,65148940.0,138137000.0,0.5283744398676676,18.743756504290687,18.105806424091167,17.99218659125695
2003-09-01,72625080.0,65105920.00000001,137731000.0,0.5272965418097596,18.740813065449455,18.100820874684796,17.991526040064247
2003-10-01,73015920.0,65603080.0,138619000.0,0.5267381816345522,18.747239720461852,18.10618805752798,17.999133204031654
2003-11-01,73242060.0,65457940.0,138700000.0,0.5280609949531363,18.74782388528506,18.109280404081755,17.996918356942373
2003-12-01,72982820.0,65573179.99999999,138556000.0,0.5267387915355524,18.746785134001424,18.105734628949527,17.998677328852445
2004-01-01,71803319.99999999,65120680.0,136924000.0,0.5244027343635884,18.734936585339177,18.089441272503755,17.991752721864483
2004-02-01,71779560.0,65605440.0,137385000.0,0.5224701386614259,18.738297761487335,18.089110313823767,17.999169177305347
2004-03-01,71634520.0,66056480.00000001,137691000.0,0.5202556448860128,18.740522602085736,18.087087638651997,18.006020691614705
2004-04-01,72195380.0,66227619.99999999,138423000.0,0.5215562442657651,18.74582477231175,18.09488661289601,18.008608154438754
2004-05-01,72446400.0,66420600.00000001,138867000.0,0.5216962993367755,18.749027198504216,18.09835753605541,18.011517807295743
2004-06-01,73403520.0,66457479.99999999,139861000.0,0.5248319402835673,18.756159630221585,18.111482448838142,18.012072902627445
2004-07-01,74219959.99999999,66480040.00000001,140700000.0,0.5275050461975834,18.762140522084618,18.12254367465829,18.012412310196
2004-08-01,73987620.0,66238380.00000001,140226000.0,0.527631252406829,18.758765964729218,18.119408339875392,18.008770611220474
2004-09-01,73142579.99999999,66498420.0,139641000.0,0.5237901475927556,18.754585401447308,18.10792124487879,18.012688745945326
2004-10-01,73335400.0,67111600.0,140447000.0,0.5221571126474756,18.76034075137184,18.11055399706961,18.02186746330455
2004-11-01,73500380.0,67081619.99999999,140582000.0,0.5228292384515799,18.761301506385625,18.112801134237728,18.021420644896004
2004-12-01,73201720.0,67076280.0,140278000.0,0.5218332168978742,18.75913672593473,18.108729475923244,18.021341037209798
2005-01-01,72353600.0,66327399.99999999,138681000.0,0.5217268407352125,18.74768688960021,18.09707576792412,18.010113642783832
2005-02-01,73049880.0,66051119.99999999,139101000.0,0.5251571160523648,18.75071084594044,18.10665305344916,18.005939545639713
2005-03-01,73236920.0,66521080.0,139758000.0,0.5240266746805192,18.755422913441546,18.109210223363643,18.013029447875784
2005-04-01,73949260.00000001,66989740.00000001,140939000.0,0.5246898303521382,18.763837730620157,18.11888974030969,18.020050031300624
2005-05-01,74212300.0,67377700.0,141590000.0,0.5241351790380676,18.768446115261153,18.12244046259365,18.025824660601987
2005-06-01,74809540.00000001,67647460.0,142457000.0,0.5251376906715711,18.77455075775,18.13045597491911,18.02982036568255
2005-07-01,75472260.0,67810740.0,143283000.0,0.5267356211134607,18.780332253520985,18.139275729486467,18.032231147445195
2005-08-01,75194720.0,67946280.0,143141000.0,0.5253192306886217,18.77934071641771,18.13559157368908,18.03422795092594
2005-09-01,74914540.00000001,67663460.0,142578000.0,0.5254284672249576,18.77539977634258,18.1318585551482,18.03005685805249
2005-10-01,75068680.0,68271320.0,143340000.0,0.5237106181107856,18.780729988530048,18.13391398580594,18.039000324200952
2005-11-01,74812940.0,68155060.0,142968000.0,0.5232845112192939,18.77813138695877,18.130501422635263,18.037295961332962
2005-12-01,74440680.0,68478320.0,142919000.0,0.5208592279542958,18.77778859417365,18.125513124570325,18.04202775678655
2006-01-01,73698220.0,67783780.0,141482000.0,0.5209017401506906,18.767683058475317,18.115489204900467,18.031833491251486
2006-02-01,73908580.0,68085420.0,141994000.0,0.5205049509134189,18.771295361151704,18.118339482020694,18.036273651281423
2006-03-01,74598580.0,68173420.0,142772000.0,0.5225014708766424,18.776759510212496,18.127632030140276,18.03756531077647
2006-04-01,74883660.0,68521340.0,143405000.0,0.5221830480108783,18.781183353025423,18.131446267144238,18.04265578756289
2006-05-01,75179420.0,68862580.0,144042000.0,0.521927076824815,18.785615481680487,18.135388081252778,18.047623482497777
2006-06-01,76350060.0,68865940.0,145216000.0,0.5257689235345967,18.79373284712165,18.150839375483223,18.04767227413513
2006-07-01,76375200.00000001,69229800.0,145605000.0,0.524536932110848,18.796408033796574,18.151168594110544,18.052941963729047
2006-08-01,76379340.0,68999660.0,145379000.0,0.5253808321697081,18.79485468347186,18.151222798718813,18.04961213501316
2006-09-01,75773260.0,69236740.0,145010000.0,0.5225381697813943,18.79231326352408,18.143256017925918,18.053042204552654
2006-10-01,76113160.0,70012840.0,146126000.0,0.520873492739143,18.799979821189037,18.14773173823598,18.0641892117641
2006-11-01,75965540.00000001,70049460.0,146015000.0,0.5202584665958978,18.799219914121274,18.145790374371565,18.064712121938133
2006-12-01,75955220.0,70125780.0,146081000.0,0.51995276593123,18.799671820351577,18.145654514071552,18.065801044739928
2007-01-01,74621060.0,69653940.0,144275000.0,0.5172140703517588,18.787231758561305,18.12793333096328,18.05904982514722
2007-02-01,74641960.0,69838040.0,144480000.0,0.516624861572536,18.78865164763295,18.12821337353694,18.061689404955196
2007-03-01,75204120.0,70118880.0,145323000.0,0.5174963357486427,18.794469409199976,18.135716574653344,18.065702645271376
2007-04-01,74982280.0,70315720.0,145298000.0,0.5160585830500076,18.794297363820863,18.132762376918553,18.068505944869983
2007-05-01,75453880.0,70411120.0,145865000.0,0.5172857093888185,18.79819209437888,18.139032166640547,18.06986176320022
2007-06-01,76387720.0,70570280.0,146958000.0,0.519792865988922,18.805657389633193,18.151332508233526,18.072119650660795
2007-07-01,76758100.0,70556900.0,147315000.0,0.5210474154023691,18.808083709242123,18.156169476322177,18.07193003445731
2007-08-01,75897080.0,70508920.0,146406000.0,0.5184014316353155,18.801894142258238,18.14488876995255,18.0712497846016
2007-09-01,75676760.0,70771240.0,146448000.0,0.5167483338796023,18.8021809746067,18.14198166995212,18.074963261447145
2007-10-01,76007940.0,70734060.0,146742000.0,0.5179699063662755,18.804186500706102,18.14634836647782,18.074437768750325
2007-11-01,76361700.0,70756300.0,147118000.0,0.5190506940007341,18.806745543823183,18.15099181953891,18.07475213645966
2007-12-01,75785480.00000001,70548520.0,146334000.0,0.5178938592534887,18.801402238169615,18.143417275535036,18.071811258013287
2008-01-01,74471900.0,70135099.99999999,144607000.0,0.5149951247173373,18.7895302759225,18.12593243099101,18.065933939956523
2008-02-01,74130360.0,70419640.0,144550000.0,0.5128354202698029,18.78913602642663,18.12133572295458,18.069982759494074
2008-03-01,74391360.0,70716640.0,145108000.0,0.5126620172561127,18.792988850724647,18.124850364027566,18.074191463852745
2008-04-01,74789359.99999999,71132640.0,145922000.0,0.5125297076520332,18.798582790336717,18.13018618683748,18.080056861162237
2008-05-01,74736120.0,71189880.0,145926000.0,0.5121508161670983,18.79861020186601,18.12947406737463,18.08086123144863
2008-06-01,74999360.0,71649640.0,146649000.0,0.5114208756963907,18.803552534407785,18.132990138130843,18.087298687801546
2008-07-01,75037060.0,71829940.0,146867000.0,0.5109184500262142,18.80503797329415,18.133492682790244,18.089811938745054
2008-08-01,74414340.0,71494660.0,145909000.0,0.5100051401901184,18.798493697676868,18.125159223166463,18.085133319560462
2008-09-01,73821900.0,71488099.99999999,145310000.0,0.5080304177276168,18.79437994929688,18.11716599351721,18.0850415602462
2008-10-01,73643840.0,71899160.0,145543000.0,0.5059936925856964,18.7959821335607,18.114751058542677,18.090775139730123
2008-11-01,73040080.0,71568920.0,144609000.0,0.5050866820184082,18.78954410641597,18.106518889540638,18.086171459479363
2008-12-01,72616480.0,70733520.0,143350000.0,0.5065677014300662,18.780799750293653,18.100702451280227,18.074430134492356
2009-01-01,70473040.0,69962960.0,140436000.0,0.5018160585604831,18.760262426944905,18.070740783297115,18.063476517111003
2009-02-01,70177580.0,69928420.0,140106000.0,0.5008891839036158,18.757909836942666,18.06653944476618,18.062982705402206
2009-03-01,69843860.0,69988140.0,139832000.0,0.49948409519995424,18.75595225999706,18.06177273715505,18.063836357087563
2009-04-01,70061260.0,70523740.0,140585000.0,0.49835515880072556,18.76132284601652,18.064880560156535,18.07145994868777
2009-05-01,69967680.0,70394320.0,140362000.0,0.49848021544292614,18.759735357651582,18.063543979105056,18.069623136055135
2009-06-01,70499420.0,70325580.0,140825000.0,0.5006172199538435,18.76302854274505,18.0711150407983,18.068646159728864
2009-07-01,70426340.0,70627660.0,141054000.0,0.4992863725948927,18.764653353748216,18.070077898879735,18.072932410438433
2009-08-01,69971140.0,70102860.0,140074000.0,0.49952981995231094,18.757681412357478,18.063593429286225,18.065474150031342
2009-09-01,69098099.99999999,69980900.0,139079000.0,0.49682626420954984,18.750552674971672,18.051037791977812,18.063732905638492
2009-10-01,68613959.99999999,70476040.0,139090000.0,0.49330620461571634,18.750631763583314,18.044006570535366,18.070783351861596
2009-11-01,69178620.0,69953380.0,139132000.0,0.4972157375729523,18.750933680759662,18.052202413312497,18.063339578137114
2009-12-01,68300120.0,69651880.0,137952000.0,0.4951006147065646,18.742416356529,18.039422081494088,18.059020249929183
2010-01-01,67497160.0,69311840.0,136809000.0,0.49336783398753004,18.734096350462377,18.027596080883544,18.05412630093755
2010-02-01,67526740.0,69675260.00000001,137202000.0,0.4921702307546537,18.736964850409286,18.028034225544946,18.059355862936375
2010-03-01,68266360.0,69715640.0,137982000.0,0.49474830050296414,18.742633799831513,18.038927670263927,18.05993524080293
2010-04-01,69180580.0,70122420.0,139303000.0,0.4966194554316849,18.752161974770825,18.05223074536414,18.065753129686463
2010-05-01,69551440.0,69945560.0,139497000.0,0.4985873531330423,18.753553653618106,18.057577180648504,18.063227783151273
2010-06-01,70131560.0,69750440.0,139882000.0,0.5013622910739052,18.756309768026924,18.065883464668943,18.06043428688958
2010-07-01,70560280.0,69573720.0,140134000.0,0.5035200593717442,18.758109665661575,18.071977937908905,18.05789746779413
2010-08-01,70506540.0,69412459.99999999,139919000.0,0.5039096906067082,18.756574241707973,18.071216029437448,18.05557694826675
2010-09-01,69950860.0,69763140.0,139714000.0,0.5006718009648281,18.755108033951913,18.063303553496254,18.060616348019902
2010-10-01,70000040.0,69748960.0,139749000.0,0.5008983248538451,18.75535851433882,18.06400637144204,18.060413068160322
2010-11-01,69866840.0,69548160.0,139415000.0,0.5011429186242513,18.752965654519016,18.062101702656005,18.057530020196563
2010-12-01,69469480.0,69690520.0,139160000.0,0.49920580626616845,18.751134908248016,18.05639807739562,18.05957485500259
2011-01-01,68397200.0,69200800.0,137598000.0,0.4970798994171427,18.739846948474163,18.040842446082376,18.052522981214715
2011-02-01,68341600.0,69751400.00000001,138093000.0,0.494895468995532,18.743437929187532,18.04002921672737,18.060448050148903
2011-03-01,68367220.0,70594780.0,138962000.0,0.4919850030943711,18.749711072424525,18.04040402795462,18.07246676205289
2011-04-01,68957360.0,70703640.0,139661000.0,0.4937481472995324,18.75472861560284,18.04899890052425,18.07400761469
2011-05-01,69328340.0,70700660.0,140029000.0,0.4950998721693364,18.7573601019796,18.054364327173204,18.073965466042466
2011-06-01,69679280.0,70449720.0,140129000.0,0.49725096161394144,18.758073984890295,18.059413557504506,18.0704098218511
2011-07-01,70158540.00000001,70225459.99999999,140384000.0,0.49976165374971515,18.759892082948078,18.06626809623357,18.067221481306927
2011-08-01,69955380.0,70378620.0,140334000.0,0.49849202616614646,18.759535853561086,18.063368168198238,18.06940008182234
2011-09-01,69633480.0,70868520.0,140502000.0,0.49560490242131783,18.760732281512205,18.05875604412741,18.076336887260915
2011-10-01,70041400.0,70946600.0,140988000.0,0.4967897977132806,18.76418533833771,18.06459705376011,18.0774380393509
2011-11-01,70306620.0,70764380.0,141071000.0,0.4983775545647227,18.76477386770494,18.068376520199443,18.07486632471835
2011-12-01,69998840.0,70682160.0,140681000.0,0.49757138490627734,18.762005473875757,18.063989228447753,18.07370376522046
2012-01-01,69253580.0,70690420.0,139944000.0,0.4948663751214772,18.75675290055224,18.053285398446395,18.073820619563918
2012-02-01,69622300.0,71061700.0,140684000.0,0.4948842796622217,18.762026798489693,18.058595476285642,18.07905907171597
2012-03-01,69641580.0,71771420.0,141413000.0,0.4924694335032847,18.767195244965933,18.05887236071717,18.08899690463619
2012-04-01,69903700.0,72091300.0,141995000.0,0.49229691186309377,18.771302403677996,18.062629138564237,18.093443929232457
2012-05-01,70229520.0,72497480.0,142727000.0,0.4920549020157363,18.776444272678408,18.067279293425816,18.09906236060012
2012-06-01,70587760.0,72613240.0,143201000.0,0.4929278426826628,18.77975979570666,18.072367316328148,18.1006578323138
2012-07-01,70989280.0,72137720.0,143127000.0,0.4959880385950939,18.77924290597427,18.078039437690578,18.094087627728126
2012-08-01,70403280.0,72153720.0,142557000.0,0.4938605610387424,18.775252477694305,18.06975041095204,18.09430940110658
2012-09-01,70517840.0,72816160.0,143334000.0,0.4919826419412003,18.780688129135747,18.071376285416225,18.103448466555417
2012-10-01,70811200.0,73227800.0,144039000.0,0.4916112997174376,18.785594654204882,18.075527738243295,18.109085688253597
2012-11-01,70674780.0,72875220.0,143550000.0,0.492335632183908,18.78219396453135,18.073599348698615,18.1042592214983
2012-12-01,70504560.0,72555440.0,143060000.0,0.4928320984202433,18.778774680644513,18.071187946541844,18.099861517253906
2013-01-01,69575260.0,72037740.0,141613000.0,0.4913056004745327,18.76860854291941,18.057919602343734,18.092700706319636
2013-02-01,69777160.0,72451840.0,142229000.0,0.490597276223555,18.772948992656193,18.060817293553875,18.09843262323387
2013-03-01,69862760.0,72835240.0,142698000.0,0.4895847173751559,18.776241066931888,18.062043304149157,18.10371046197886
2013-04-01,70590080.0,73133920.0,143724000.0,0.4911502602209791,18.783405351717644,18.072400182676013,18.107802838982966
2013-05-01,71075820.0,73356180.0,144432000.0,0.49210576603522765,18.788319366520074,18.079257752543473,18.110837312582863
2013-06-01,71476379.99999999,73364620.0,144841000.0,0.4934816799110748,18.791147147008,18.08487760343642,18.110952361028748
2013-07-01,71925840.0,73188160.0,145114000.0,0.49565059194839917,18.793030198382652,18.091146146165805,18.108544217214938
2013-08-01,71288959.99999999,73220040.0,144509000.0,0.49331847843386906,18.788852347314233,18.082252034686096,18.10897971195504
2013-09-01,71129340.0,73521660.0,144651000.0,0.49173071738183627,18.789834502601373,18.080010467881326,18.113090614646904
2013-10-01,70658540.0,73485460.0,144144000.0,0.49019411144411146,18.786323357873357,18.07336953735517,18.112598121484236
2013-11-01,71002599.99999999,73771400.00000001,144774000.0,0.4904375094975616,18.79068446378237,18.078227054053414,18.116481680584705
2013-12-01,71202380.0,73220620.0,144423000.0,0.49301274727709576,18.788257051517718,18.08103680278983,18.10898763325231
2014-01-01,70472640.0,73053360.0,143526000.0,0.49100957317837884,18.78202676142098,18.0707351073516,18.106700690996426
2014-02-01,70806080.0,73327920.0,144134000.0,0.4912517518420359,18.786253980397422,18.075455430683057,18.11045199474201
2014-03-01,71100540.0,73989460.0,145090000.0,0.49004438624302155,18.792864797491866,18.079605489681338,18.11943320859155
2014-04-01,71566720.0,74200280.0,145767000.0,0.490966542495901,18.797520014472088,18.08614071940652,18.122278481715394
2014-05-01,71698180.0,74699820.0,146398000.0,0.48974835721799476,18.801839498195985,18.087975921705144,18.128988240461588
2014-06-01,72536160.0,74568840.0,147105000.0,0.4930910574079739,18.80665717547667,18.099595754106854,18.127233283545422
2014-07-01,73012140.0,74252860.0,147265000.0,0.49578745798390655,18.807744242879977,18.10613628665599,18.122986853423782
2014-08-01,72393280.0,74253720.0,146647000.0,0.4936567403356359,18.80353889630839,18.09762403536856,18.12299843540217
2014-09-01,72405680.0,74535319.99999999,146941000.0,0.49275341803853245,18.80554170363209,18.09779530731734,18.126783664962485
2014-10-01,72695420.0,75241580.0,147937000.0,0.49139444493264023,18.812297065427103,18.101788941894768,18.136214561644987
2014-11-01,72192420.0,75473580.0,147666000.0,0.48888992726829467,18.810463524658424,18.09484561220204,18.139293219203307
2014-12-01,72126680.0,75063320.0,147190000.0,0.4900243223045044,18.80723482716877,18.093934575415542,18.133842581974616
2015-01-01,71417880.0,75134120.0,146552000.0,0.4873210873956002,18.80289087224743,18.084058816127982,18.134785341122093
2015-02-01,71943880.0,75175120.00000001,147119000.0,0.4890182777207567,18.80675234106486,18.091396928611125,18.13533088311295
2015-03-01,72144620.0,75490380.0,147635000.0,0.4886688115961662,18.81025356939167,18.09418327352934,18.139515788882445
2015-04-01,72656040.0,75931960.0,148588000.0,0.4889764987751366,18.816687933285966,18.101247082859246,18.145348234105306
2015-05-01,72743280.0,76605720.0,149349000.0,0.4870690798063596,18.82179640692269,18.102447088615378,18.154182305552126
2015-06-01,73108080.0,76537920.00000001,149646000.0,0.488540154765246,18.823783062871343,18.10744945212736,18.153296862259417
2015-07-01,73427060.0,76294940.0,149722000.0,0.49042264997795915,18.82429079918005,18.111803090494693,18.150117176886535
2015-08-01,73064120.0,76163880.0,149228000.0,0.4896140134559198,18.820985895686903,18.10684796974801,18.148397892527864
2015-09-01,72775160.0,76203840.0,148979000.0,0.4884927405875996,18.819315914379498,18.10288524615074,18.14892241308794
2015-10-01,73104580.0,76611420.0,149716000.0,0.4882883592935959,18.824250724106072,18.107401576656102,18.154256709760464
2015-11-01,72920739.99999999,76847260.0,149768000.0,0.48689132524971945,18.82459798807024,18.10488365583076,18.157330373442086
2015-12-01,72686180.0,77015820.0,149702000.0,0.48553913775367064,18.824157209354052,18.10166182814705,18.159521413260517
2016-01-01,72113720.0,76924280.0,149038000.0,0.4838612971188556,18.819711864951252,18.093754875414227,18.15833211936257
2016-02-01,72612959.99999999,77448040.00000001,150061000.0,0.483889618221923,18.82655243606072,18.100653976260276,18.16511781785748
2016-03-01,72883959.99999999,77854040.00000001,150738000.0,0.48351417691623866,18.83105378841311,18.104379145334455,18.170346349567037
2016-04-01,73119480.0,77955520.0,151075000.0,0.48399457223233494,18.833286960211897,18.107605373487505,18.171648965585582
2016-05-01,73351280.0,78241720.0,151593000.0,0.48386983567842845,18.836709855964006,18.11077051298042,18.17531356708928
2016-06-01,73663020.0,78327980.0,151991000.0,0.48465382818719527,18.83933186653122,18.115011467326195,18.176415440679477
2016-07-01,74261340.0,78175660.0,152437000.0,0.48716085989621943,18.842261953902234,18.12310105125819,18.17446890386928
2016-08-01,73863920.0,77941080.0,151805000.0,0.4865710615592372,18.838107360459773,18.117735039362422,18.171463714591766
2016-09-01,73598820.0,78379180.00000001,151978000.0,0.4842728552816855,18.839246331493058,18.114139550961884,18.177068888828522
2016-10-01,73834860.0,78500140.0,152335000.0,0.4846874323038041,18.841592601049555,18.11734153576849,18.178610966190536
2016-11-01,73915380.0,78469620.00000001,152385000.0,0.4850567969288316,18.841920771175893,18.118431483344498,18.17822210147692
2016-12-01,73367380.0,78430620.0,151798000.0,0.4833224416658981,18.838061247608444,18.110989980634564,18.177724970295944
2017-01-01,72705440.0,77820560.0,150526000.0,0.48300918113814223,18.829646384707434,18.10192676776479,18.169916221588338
2017-02-01,72744319.99999999,78849680.00000001,151594000.0,0.4798627914033536,18.83671645255291,18.102461385366443,18.18305381302647
2017-03-01,73366060.0,79261940.0,152628000.0,0.4806854574521058,18.843514146221622,18.110971988825742,18.18826862183378
2017-04-01,73786860.0,79474140.0,153261000.0,0.4814457689823243,18.847652908344962,18.116691224937647,18.190942243689697
2017-05-01,73737120.0,79669880.0,153407000.0,0.48066333348543416,18.848605078190076,18.116016893864355,18.193402155142284
2017-06-01,74476920.0,79610080.0,154087000.0,0.48334330605437187,18.8530279359271,18.125999836694554,18.192651275963136
2017-07-01,75108600.0,79361400.0,154470000.0,0.4862342202369392,18.855510460690432,18.134445624159497,18.18952266191432
2017-08-01,74799840.0,78777160.0,153577000.0,0.48705105582216085,18.849712627882422,18.130326303904983,18.182133665098405
2017-09-01,74596720.0,79897280.0,154494000.0,0.48284541794503344,18.85566581859652,18.12760709637896,18.19625236760385
2017-10-01,74478799.99999999,79744200.0,154223000.0,0.4829292647659557,18.853910164909752,18.12602507909545,18.194334569711746
2017-11-01,74223400.0,79957600.0,154181000.0,0.4814043234899242,18.8536377948999,18.122590022302273,18.19700705213851
2017-12-01,73734820.0,79866180.00000001,153601000.0,0.4800412757729442,18.84986888907332,18.115985701489723,18.195863042029746
2018-01-01,73116380.0,79731620.0,152848000.0,0.4783600701350361,18.84495452149193,18.10756297622598,18.19417680284745
2018-02-01,73698760.00000001,80704240.0,154403000.0,0.4773143008879362,18.855076625418004,18.115496532051946,18.2063016721326
2018-03-01,73844680.0,81032320.0,154877000.0,0.47679565074220187,18.858141811470233,18.117474526432115,18.210358645398134
2018-04-01,74356220.0,80991780.0,155348000.0,0.47864291783608415,18.861178319565326,18.124377885743833,18.209858226005636
2018-05-01,74788420.0,81220580.0,156009000.0,0.47938529187418677,18.865424255857366,18.13017361812574,18.21267922129518
2018-06-01,75931380.0,80533620.00000001,156465000.0,0.4852930687374173,18.868342900760318,18.14534059565879,18.204185294953138
2018-07-01,76235600.0,80768400.0,157004000.0,0.4855646989885608,18.871781840695036,18.149339103157907,18.20709635788712
2018-08-01,75306600.0,80232400.00000001,155539000.0,0.48416538617324273,18.862407061996056,18.137078338331527,18.20043798127968
2018-09-01,75638480.0,80552520.0,156191000.0,0.48426913202425237,18.866590175271952,18.14147570636489,18.204419952014096
2018-10-01,75683140.0,81267860.0,156951000.0,0.48220871482182337,18.871444212687816,18.142065972333448,18.213261170402873
2018-11-01,75587580.0,81427420.0,157015000.0,0.48140356016941055,18.871851900150066,18.1408025419391,18.215222629286703
2018-12-01,74914140.0,81567860.0,156482000.0,0.4787396633478611,18.868451545355196,18.13185321571652,18.21694586979715
2019-01-01,73709700.0,81254300.0,154964000.0,0.47565692677008853,18.858703389842923,18.11564496315312,18.213094300850667
2019-02-01,74282600.0,81885400.0,156168000.0,0.4756582654577122,18.866442908825068,18.123387296528715,18.220831266753727
2019-03-01,74389580.0,82051420.0,156441000.0,0.47551204607487807,18.86818950005821,18.124826436231434,18.222856681871033
2019-04-01,74891799.99999999,81817200.0,156709000.0,0.4779036302956434,18.86990114026533,18.13155496318841,18.219998048418212
2019-05-01,75040140.0,82111860.0,157152000.0,0.4775003817959682,18.87272404782111,18.133533728332146,18.223593021967684
2019-06-01,75475760.0,82353240.0,157829000.0,0.4782122423635707,18.877022726423963,18.139322103065936,18.226528358076255
2019-07-01,75935700.0,82449300.0,158385000.0,0.47943744672790983,18.880539335890862,18.1453974875145,18.227694116939904
2019-08-01,75512519.99999999,82303480.0,157816000.0,0.4784845643027322,18.876940355405843,18.13980902828591,18.22592394907898
2019-09-01,75633800.0,82845200.00000001,158479000.0,0.4772480896522568,18.88113265039019,18.14141383118192,18.232484364129522
2019-10-01,75711700.0,83355300.0,159067000.0,0.47597364632513345,18.884836055075148,18.142443263928577,18.238622752422035
2019-11-01,75341200.0,83603800.0,158945000.0,0.4740079901852842,18.88406878839348,18.137537687895325,18.24159953156736
2019-12-01,75056920.0,83446080.0,158503000.0,0.4735362737613799,18.88128407854728,18.133757316989644,18.239711232732724
2020-01-01,74221940.0,82772060.0,156994000.0,0.4727692778067952,18.871718146021802,18.122570351762263,18.231601122796405
2020-02-01,74602739.99999999,83415260.00000001,158018000.0,0.4721154552013061,18.878219508553023,18.127687793722007,18.239341824212445
2020-03-01,72657420.0,82510580.0,155168000.0,0.46825002577851105,18.860018958887217,18.101266076282155,18.228437085506794
2020-04-01,60820540.0,72505460.0,133326000.0,0.4561791398526919,18.70830781489159,17.923438118832415,18.09917242733405
2020-05-01,63072640.0,74387360.0,137460000.0,0.45884359086279647,18.73884352365773,17.959797636016535,18.124796592896843
2020-06-01,65931800.0,76879200.0,142811000.0,0.4616717199655489,18.77703263571536,18.004131432400403,18.157745916744908
2020-07-01,67621260.0,76870740.0,144492000.0,0.4679931068848102,18.788734700662356,18.029432988610786,18.15763586792136
2020-08-01,69141819.99999999,78083180.0,147225000.0,0.4696336899303786,18.80747258679491,18.051670315513093,18.173285226698788
2020-09-01,69598000.0,78199000.0,147797000.0,0.4709026570228083,18.81135026857278,18.058246389259587,18.17476741770999
2020-10-01,71134440.0,79298560.0,150433000.0,0.4728645975284678,18.829028360305703,18.080082165681038,18.18873052754991
2020-11-01,71003000.0,79200000.0,150203000.0,0.47271359426908915,18.827498270463686,18.07823268763406,18.187486856784655
2020-12-01,70694000.0,78918000.0,149612000.0,0.4725155736170895,18.82355583419143,18.07387126163609,18.183919896678972
